{"agent_0_loss": -0.00556287940707989, "agent_0_pg_loss": -0.000498417539392948, "agent_0_value_loss": 0.0006098078965806053, "agent_0_entropy_loss": 5.674269407987595, "agent_0_explained_variance": -627592566669311.0, "agent_0_clip_fracs": 0.0, "_timestamp": 1694709778.266084, "_runtime": 52.699097871780396, "_step": 1, "agent_1_loss": -0.002646743640070781, "agent_1_pg_loss": -0.0007227622913432707, "agent_1_value_loss": 0.0037525685620494187, "agent_1_entropy_loss": 5.676549553871155, "agent_1_explained_variance": -242216861695999.0, "agent_1_clip_fracs": 0.0, "_wandb": {"runtime": 52}}