{"agent_0_loss": 0.01811713565257378, "agent_0_pg_loss": -0.00032076175957307385, "agent_0_value_loss": 0.02411335814394988, "agent_0_entropy_loss": 5.675460636615753, "agent_0_explained_variance": -0.11484706401824951, "agent_0_clip_fracs": 0.0, "_timestamp": 1689079658.1137574, "_runtime": 76.58538126945496, "_step": 1, "agent_1_loss": 0.020794939264305867, "agent_1_pg_loss": -0.00025338536618624286, "agent_1_value_loss": 0.026724918207037263, "agent_1_entropy_loss": 5.6765934228897095, "agent_1_explained_variance": -0.352819561958313, "agent_1_clip_fracs": 0.0, "_wandb": {"runtime": 76}}